A,B,C,D,Vulnerability_Truth
178,109,1,1,1
308,106,1,1,1
138,119,1,1,1
65,640,0,1,1
176,142,1,1,1
86,115,1,1,1
82,104,0,1,1
120,305,1,1,1
6339,104,1,1,1
6339,104,1,1,1
43,640,1,1,1
80,283,1,1,1
138,244,1,1,1
0,0,1,1,1
101,1878,1,1,1
1676,116,1,1,1
10,1017,1,1,1
40,1311,1,1,1
417,180,1,1,1
14,1847,0,1,0
3,924,1,1,1
40,127,1,1,1
6301,103,1,1,1
34,1295,1,1,1
80,174,1,1,1
19,588,0,1,1
6340,107,1,1,1
73,112,1,1,1
69,777,1,1,1
53,1200,1,1,1
172,150,1,1,1
1370,103,1,1,1
25,110,1,1,1
6340,107,1,1,1
5,417,1,1,1
133,182,1,1,1
71,132,1,1,1
944,104,1,1,1
41,739,1,1,1
12,1295,1,1,1
3,637,1,1,1
6339,103,1,1,1
47,452,0,1,1
0,0,1,1,1
6340,107,1,1,1
301,117,1,1,1
129,111,1,1,1
352,124,1,1,1
216,113,1,1,1
120,125,1,1,1
62,106,1,1,1
222,104,1,1,1
10,127,0,1,1
685,772,1,1,1
63,747,1,1,1
81,298,1,1,1
6339,103,1,1,1
6306,103,1,1,1
83,768,1,1,1
150,107,1,1,1
21,106,1,1,1
0,0,1,1,1
76,109,1,1,1
82,170,1,1,1
398,165,1,1,1
0,0,1,1,1
0,0,1,1,1
0,0,1,1,1
117,165,1,1,1
72,401,1,1,1
432,162,1,1,1
0,0,1,1,1
6339,103,1,1,1
6339,103,1,1,1
6339,103,1,1,1
6339,103,1,1,1
6339,103,1,1,1
6339,103,1,1,1
0,0,1,1,1
0,0,1,1,1
0,0,1,1,1
0,0,1,1,1
0,0,1,1,1
0,0,1,1,1
6534,103,1,1,1
6180,107,1,1,1
6534,103,1,1,1
2289,104,1,1,1
722,103,1,1,1
59,134,1,1,1
6196,103,1,1,1
391,131,1,1,1
151,114,1,1,1
6196,103,1,1,1
47,157,0,1,1
199,109,1,1,1
445,110,1,1,1
187,111,1,1,1
104,106,1,1,1
89,123,1,1,1
0,0,1,1,1
0,0,1,1,1
505,1119,1,1,1
0,0,1,1,1
422,109,1,1,1
18,292,1,1,1
2152,103,1,1,1
149,106,1,1,1
22,158,1,1,1
5460,103,1,1,1
117,125,1,1,1
198,103,1,1,1
14,139,1,1,1
259,106,1,1,1
168,192,1,1,1
53,119,1,1,1
684,106,1,1,1
249,156,1,1,1
78,665,1,1,1
80,165,1,1,1
823,104,1,1,1
146,114,1,1,1
88,612,1,1,1
66,327,0,1,1
160,432,1,1,1
296,104,1,1,1
5,2476,1,1,1
50,640,1,1,1
221,126,1,1,1
122,125,1,1,1
191,119,1,1,1
0,0,1,1,1
0,0,1,1,1
0,0,1,1,1
0,0,1,1,1
0,0,1,1,1
1212,104,1,1,1
0,0,1,1,1
0,0,1,1,1
0,0,1,1,1
0,0,1,1,1
379,119,1,1,1
0,0,1,1,1
36,622,1,1,1
238,120,1,1,1
394,105,1,1,1
92,115,1,1,1
2270,105,1,1,1
356,107,1,1,1
5122,104,1,1,1
850,106,1,1,1
205,234,1,1,1
182,106,1,1,1
819,104,1,1,1
448,103,1,1,1
171,109,1,1,1
6306,103,1,1,1
98,110,1,1,1
129,126,1,1,1
33,272,1,1,1
54,104,1,1,1
1,2471,1,1,1
451,111,1,1,1
1626,103,1,1,1
30,212,1,1,1
116,131,1,1,1
60,1023,1,1,1
128,116,1,1,1
982,104,1,1,1
228,118,1,1,1
29,4308,1,1,1
423,106,1,1,1
50,131,1,1,1
52,122,1,1,1
3723,104,1,1,1
1468,103,1,1,1
558,104,1,1,1
55,325,1,1,1
41,171,1,1,1
113,114,1,1,1
677,106,1,1,1
576,109,1,1,1
1239,106,1,1,1
33,334,0,1,1
173,121,0,1,1
137,128,0,1,1
39,591,1,1,1
107,447,1,1,1
206,214,1,1,1
448,434,1,1,1
127,621,1,1,1
220,105,1,1,1
14,179,1,1,1
1692,107,1,1,1
0,0,1,1,1
425,109,1,1,1
17,1061,1,1,1
129,123,1,1,1
87,109,1,1,1
40,104,1,1,1
73,867,1,1,1
29,170,1,1,1
361,108,1,1,1
747,103,0,1,1
629,194,1,1,1
604,107,1,1,1
15,272,1,1,1
12,182,1,1,1
222,108,1,1,1
124,105,1,1,1
15,596,1,1,1
9,640,1,1,1
12,1384,1,1,1
107,136,1,1,1
69,121,1,1,1
6490,107,1,1,1
6301,103,1,1,1
59,595,1,1,1
171,104,1,1,1
20,683,1,1,1
113,128,1,1,1
5798,103,1,1,1
238,121,0,1,1
5798,103,1,1,1
3635,106,1,1,1
288,154,1,1,1
5798,103,1,1,1
5798,103,1,1,1
5798,103,1,1,1
5798,103,1,1,1
5798,103,1,1,1
28,204,1,1,1
184,181,1,1,1
0,0,1,1,1
3388,107,1,1,1
0,0,1,1,1
3815,108,1,1,1
0,0,1,1,1
0,0,1,1,1
0,0,1,1,1
0,0,1,1,1
0,0,1,1,1
0,0,1,1,1
0,0,1,1,1
476,118,1,1,1
0,0,1,1,1
0,0,1,1,1
185,168,1,1,1
0,0,1,1,1
0,0,1,1,1
0,0,1,1,1
0,0,1,1,1
0,0,1,1,1
0,0,1,1,1
0,0,1,1,1
0,0,1,1,1
0,0,1,1,1
0,0,1,1,1
250,143,1,1,1
0,0,1,1,1
0,0,1,1,1
0,0,1,1,1
142,107,1,1,1
241,106,1,1,1
30,242,1,1,1
3368,107,1,1,1
42,208,1,1,1
83,609,1,1,1
5626,103,1,1,1
261,128,1,1,1
0,0,1,1,1
1690,103,1,1,1
1690,103,1,1,1
189,104,1,1,1
896,153,1,1,1
189,104,1,1,1
189,104,1,1,1
189,104,1,1,1
189,104,1,1,1
189,104,1,1,1
36,107,1,1,1
189,104,1,1,1
208,105,1,1,1
2146,103,1,1,1
6095,107,1,1,1
21,324,1,1,1
2146,103,1,1,1
0,0,1,1,1
0,0,1,1,1
0,0,1,1,1
0,0,1,1,1
294,105,1,1,1
0,0,1,1,1
0,0,1,1,1
0,0,1,1,1
43,1097,1,1,1
0,0,1,1,1
6534,103,1,1,1
2148,103,1,1,1
3592,103,1,1,1
3108,103,1,1,1
3108,103,1,1,1
478,108,1,1,1
1176,104,1,1,1
1432,110,1,1,1
5659,103,1,1,1
174,103,1,1,1
8,454,0,1,1
944,117,1,1,1
83,476,1,1,1
34,2803,1,1,1
2810,107,1,1,1
237,532,1,1,1
644,106,1,1,1
66,631,1,1,1
389,105,1,1,1
26,110,1,1,1
15,166,1,1,1
11,255,1,1,1
505,108,1,1,1
16,190,1,1,1
42,396,1,1,1
371,104,1,1,1
439,105,1,1,1
259,104,1,1,1
123,105,1,1,1
98,115,1,1,1
649,106,1,1,1
164,104,1,1,1
0,0,1,1,1
887,103,1,1,1
0,0,1,1,1
338,106,1,1,1
114,166,1,1,1
0,102,1,1,1
323,108,1,1,1
0,0,1,1,1
0,0,1,1,1
0,0,1,1,1
267,147,1,1,1
20,104,1,1,1
113,104,1,1,1
409,161,1,1,1
37,161,0,1,1
93,120,1,1,1
0,103,1,1,1
140,110,1,1,1
102,166,1,1,1
23,2031,1,1,1
11,1936,1,1,1
219,104,1,1,1
2902,103,1,1,1
396,108,1,1,1
105,319,1,1,1
67,107,1,1,1
3,747,1,1,1
23,526,1,1,1
53,153,1,1,1
284,127,1,1,1
84,115,1,1,1
167,584,1,1,1
120,187,1,1,1
165,521,1,1,1
104,108,1,1,1
15,1295,1,1,1
70,266,1,1,1
59,176,1,1,1
124,133,1,1,1
30,230,1,1,1
261,106,1,1,1
249,186,1,1,1
5,124,1,1,1
25,143,1,1,1
0,0,1,1,1
14,272,1,1,1
133,113,1,1,1
19,116,1,1,1
263,481,0,1,1
147,131,1,1,1
121,319,1,1,1
1902,105,1,1,1
281,110,1,1,1
1034,112,1,1,1
0,0,1,1,1
444,103,1,1,1
27,1438,1,1,1
79,768,0,1,0
4,584,1,1,1
727,105,1,1,1
17,2326,1,1,1
195,137,1,1,1
60,112,1,1,1
6228,102,1,1,1
269,109,1,1,1
36,170,1,1,1
166,103,1,1,1
98,212,1,1,1
0,0,1,1,1
119,133,1,1,1
5,417,1,1,1
13,605,1,1,1
311,111,1,1,1
58,1145,1,1,1
1416,103,1,1,1
259,106,1,1,1
43,130,1,1,1
1176,124,1,1,1
8,103,1,1,1
105,132,1,1,1
117,237,1,1,1
587,102,1,1,1
51,170,1,1,1
34,139,1,1,1
64,165,1,1,1
29,170,1,1,1
1749,104,1,1,1
50,234,1,1,1
167,114,1,1,1
248,108,1,1,1
638,104,1,1,1
580,106,1,1,1
158,117,1,1,1
780,104,1,1,1
2321,103,1,1,1
48,1295,1,1,1
150,104,1,1,1
6096,107,1,1,1
22,622,1,1,1
13,213,1,1,1
6596,2524,0,1,1
163,274,1,1,1
118,119,1,1,1
37,640,0,1,1
0,0,1,1,1
0,0,1,1,1
53,1140,1,1,1
0,0,1,1,1
0,0,1,1,1
608,1973,1,1,1
129,125,1,1,1
1373,103,1,1,1
89,104,1,1,1
22,270,1,1,1
1710,107,1,1,1
166,375,1,1,1
114,184,1,1,1
322,133,1,1,1
129,105,1,1,1
140,105,1,1,1
85,316,1,1,1
124,200,1,1,1
74,158,1,1,1
67,108,1,1,1
20,113,0,1,1
20,562,1,1,1
32,1086,0,1,0
148,180,1,1,1
49,328,1,1,1
1767,113,1,1,1
49,2244,1,1,1
353,274,1,1,1
3592,107,1,1,1
98,205,1,1,1
12,146,1,1,1
0,0,1,1,1
38,268,1,1,1
174,150,1,1,1
120,123,1,1,1
10,263,1,1,1
225,126,1,1,1
185,127,1,1,1
47,117,1,1,1
0,0,1,1,1
0,0,1,1,1
253,103,1,1,1
1120,102,1,1,1
347,126,1,1,1
134,103,1,1,1
1033,102,1,1,1
1396,185,1,1,1
112,248,1,1,1
2040,108,1,1,1
80,103,1,1,1
31,4029,0,1,0
16,2539,1,1,1
274,993,1,1,1
177,105,1,1,1
92,488,1,1,1
78,112,0,1,1
243,106,1,1,1
65,588,1,1,1
1370,105,1,1,1
119,149,1,1,1
66,112,1,1,1
169,222,1,1,1
50,119,1,1,1
0,0,1,1,1
0,0,1,1,1
0,0,1,1,1
6265,102,1,1,1
6265,102,1,1,1
149,121,1,1,1
1289,108,1,1,1
158,103,1,1,1
475,108,1,1,1
68,164,1,1,1
193,105,1,1,1
6265,102,1,1,1
2270,102,1,1,1
6265,102,1,1,1
1692,103,1,1,1
1692,103,1,1,1
1692,103,1,1,1
155,159,1,1,1
1692,103,1,1,1
1692,103,1,1,1
1692,103,1,1,1
1692,103,1,1,1
32,109,1,1,1
45,158,1,1,1
675,478,1,1,1
0,0,1,1,1
28,114,1,1,1
10,2872,1,1,1
501,104,1,1,1
412,105,1,1,1
24,130,1,1,1
61,123,1,1,1
23,1745,1,1,1
256,615,1,1,1
328,117,1,1,1
179,109,1,1,1
104,392,1,1,1
5100,103,1,1,1
315,104,1,1,1
17,105,1,1,1
82,106,1,1,1
625,104,1,1,1
6423,102,1,1,1
71,104,1,1,1
112,104,1,1,1
415,103,1,1,1
278,104,1,1,1
29,102,1,1,1
37,114,1,1,1
1075,112,1,1,1
192,142,1,1,1
172,140,1,1,1
0,0,1,1,1
303,135,1,1,1
0,0,1,1,1
0,0,1,1,1
6831,107,1,1,1
339,104,1,1,1
6637,102,1,1,1
371,129,1,1,1
58,167,1,1,1
314,109,1,1,1
706,106,1,1,1
4,292,1,1,1
62,112,1,1,1
37,165,1,1,1
237,103,1,1,1
93,1636,1,1,1
0,0,1,1,1
308,235,1,1,1
16,966,1,1,1
9,123,1,1,1
0,0,1,1,1
2045,104,1,1,1
0,0,1,1,1
0,0,1,1,1
0,0,1,1,1
0,0,1,1,1
229,232,1,1,1
580,104,1,1,1
23,131,1,1,1
994,105,1,1,1
929,103,1,1,1
9,1233,1,1,1
19,358,1,1,1
1307,102,1,1,1
162,107,1,1,1
6306,102,1,1,1
6301,102,1,1,1
6301,102,1,1,1
6301,102,1,1,1
6301,102,1,1,1
92,219,1,1,1
0,0,1,1,1
57,148,1,1,1
4908,104,1,1,1
208,224,1,1,1
70,154,1,1,1
219,179,1,1,1
28,3123,1,1,1
295,158,1,1,1
67,170,1,1,1
54,1302,1,1,1
169,111,1,1,1
86,224,1,1,1
355,126,0,1,1
11,901,1,1,1
284,103,1,1,1
0,0,1,1,1
62,265,1,1,1
127,138,1,1,1
616,110,1,1,1
0,0,1,1,1
0,0,1,1,1
2,884,1,1,1
190,1051,1,1,1
308,104,1,1,1
616,104,1,1,1
2398,102,1,1,1
141,124,1,1,1
180,610,1,1,1
8,639,1,1,1
13,129,1,1,1
72,133,1,1,1
72,106,1,1,1
25,833,0,1,0
89,107,1,1,1
16,237,1,1,1
44,133,1,1,1
23,175,1,1,1
8,741,1,1,1
57,299,0,1,1
6179,102,1,1,1
31,462,1,1,1
58,1834,1,1,1
72,433,1,1,1
32,690,1,1,1
90,103,1,1,1
50,313,1,1,1
1692,105,1,1,1
146,273,1,1,1
38,1467,1,1,1
1463,107,1,1,1
246,121,1,1,1
80,227,1,1,1
81,180,1,1,1
0,209,1,1,1
132,1016,1,1,1
0,0,1,1,1
351,119,0,1,1
51,639,1,1,1
63,109,1,1,1
123,122,0,1,1
5,2064,1,1,1
39,376,1,1,1
44,469,1,1,1
167,325,1,1,1
11,229,1,1,1
67,113,1,1,1
24,179,1,1,1
238,109,1,1,1
72,147,1,1,1
122,148,1,1,1
3,403,1,1,1
0,0,1,1,1
0,0,1,1,1
116,115,1,1,1
2268,102,1,1,1
366,120,1,1,1
38,375,1,1,1
10,175,1,1,1
165,102,1,1,1
384,211,1,1,1
39,262,1,1,1
50,139,1,1,1
279,104,1,1,1
12,733,1,1,1
213,103,1,1,1
89,119,1,1,1
6339,102,1,1,1
6339,102,1,1,1
6339,102,1,1,1
6339,102,1,1,1
6339,102,1,1,1
17,458,1,1,1
285,276,1,1,1
285,276,1,1,1
75,620,1,1,1
84,125,1,1,1
444,113,1,1,1
254,105,1,1,1
23,162,1,1,1
6197,102,1,1,1
13,925,1,1,1
1082,102,1,1,1
20,388,1,1,1
437,114,1,1,1
120,103,1,1,1
5988,102,1,1,1
61,118,1,1,1
4,2933,1,1,1
8,137,1,1,1
1568,102,1,1,1
0,0,1,1,1
43,104,1,1,1
99,159,1,1,1
691,109,1,1,1
693,108,1,1,1
766,106,1,1,1
29,123,1,1,1
448,108,1,1,1
458,108,1,1,1
104,130,1,1,1
122,109,1,1,1
529,266,1,1,1
23,345,1,1,1
248,111,1,1,1
66,182,0,1,1
60,361,1,1,1
68,358,1,1,1
143,144,1,1,1
0,0,1,1,1
42,1827,1,1,1
396,104,1,1,1
332,104,1,1,1
96,195,1,1,1
4,2278,1,1,1
29,154,1,1,1
279,128,1,1,1
17,2117,1,1,1
0,0,1,1,1
691,103,1,1,1
0,0,1,1,1
0,0,1,1,1
0,0,1,1,1
326,127,1,1,1
335,110,1,1,1
23,557,1,1,1
43,640,1,1,1
837,105,1,1,1
27,1566,1,1,1
296,103,1,1,1
41,166,1,1,1
144,108,1,1,1
209,166,1,1,1
91,479,1,1,1
0,0,1,1,1
6280,102,1,1,1
6280,102,1,1,1
84,103,1,1,1
24,274,1,1,1
229,103,1,1,1
47,142,1,1,1
47,112,1,1,1
372,104,1,1,1
1082,102,1,1,1
235,105,1,1,1
329,103,1,1,1
29,525,1,1,1
503,114,1,1,1
17,637,1,1,1
9,430,1,1,1
155,151,1,1,1
19,361,1,1,1
6339,102,1,1,1
6339,102,1,1,1
6339,102,1,1,1
6339,102,1,1,1
6339,102,1,1,1
6339,102,1,1,1
6339,102,1,1,1
6339,102,1,1,1
327,106,1,1,1
6339,102,1,1,1
6339,102,1,1,1
6339,102,1,1,1
6339,102,1,1,1
6339,102,1,1,1
6339,102,1,1,1
6339,102,1,1,1
6339,102,1,1,1
6339,102,1,1,1
63,189,1,1,1
374,104,1,1,1
6339,104,1,1,1
6339,102,1,1,1
6339,102,1,1,1
6339,102,1,1,1
6339,102,1,1,1
6339,102,1,1,1
6339,102,1,1,1
6339,102,1,1,1
6339,102,1,1,1
603,102,1,1,1
107,164,1,1,1
2726,104,1,1,1
223,143,1,1,1
97,139,1,1,1
268,143,1,1,1
198,119,1,1,1
397,104,1,1,1
53,121,0,1,1
369,129,0,1,1
28,108,1,1,1
8,404,1,1,1
29,204,1,1,1
2726,104,1,1,1
87,118,1,1,1
97,213,1,1,1
0,0,1,1,1
52,539,1,1,1
29,332,1,1,1
281,111,1,1,1
112,103,1,1,1
512,111,1,1,1
7,105,1,1,1
21,605,1,1,1
0,0,1,1,1
28,1072,1,1,1
48,144,1,1,1
34,233,1,1,1
73,348,1,1,1
19,1566,1,1,1
247,232,1,1,1
5,169,1,1,1
64,1939,1,1,1
111,181,1,1,1
99,145,1,1,1
0,0,1,1,1
0,0,1,1,1
49,958,1,1,1
42,518,1,1,1
40,621,1,1,1
439,640,1,1,1
587,103,1,1,1
235,144,1,1,1
14,204,1,1,1
0,0,1,1,1
108,154,1,1,1
0,0,1,1,1
353,191,1,1,1
134,271,1,1,1
243,446,1,1,1
594,106,1,1,1
1146,103,1,1,1
359,142,1,1,1
116,558,1,1,1
54,149,1,1,1
372,103,1,1,1
1146,103,1,1,1
164,180,1,1,1
1420,104,1,1,1
348,103,1,1,1
146,130,1,1,1
157,120,1,1,1
100,104,1,1,1
413,119,1,1,1
2002,103,1,1,1
0,0,1,1,1
0,0,1,1,1
0,0,1,1,1
0,0,1,1,1
0,0,1,1,1
0,0,1,1,1
0,0,1,1,1
0,0,1,1,1
0,0,1,1,1
0,0,1,1,1
20,678,1,1,1
131,109,1,1,1
1343,103,1,1,1
191,153,1,1,1
0,0,1,1,1
246,433,1,1,1
25,210,1,1,1
11,397,1,1,1
2008,102,1,1,1
318,102,1,1,1
47,905,1,1,1
109,216,1,1,1
75,189,1,1,1
204,156,1,1,1
81,161,1,1,1
0,0,1,1,1
864,112,1,1,1
43,416,1,1,1
18,131,1,1,1
648,103,1,1,1
282,198,1,1,1
342,109,1,1,1
185,116,1,1,1
35,3646,1,1,1
57,103,1,1,1
107,103,1,1,1
67,185,1,1,1
0,0,1,1,1
113,103,1,1,1
42,160,1,1,1
64,1094,1,1,1
43,1002,1,1,1
5659,102,1,1,1
49,118,1,1,1
0,0,1,1,1
6131,102,1,1,1
130,110,1,1,1
55,137,1,1,1
425,111,1,1,1
2962,103,1,1,1
238,640,1,1,1
17,640,0,1,1
59,640,1,1,1
27,640,1,1,1
234,538,1,1,1
1425,102,1,1,1
30,640,1,1,1
146,640,1,1,1
153,640,1,1,1
359,105,1,1,1
332,127,1,1,1
210,171,0,1,1
1002,640,1,1,1
325,640,1,1,1
43,640,1,1,1
63,640,1,1,1
897,153,1,1,1
0,0,1,1,1
120,187,1,1,1
6,153,1,1,1
6306,104,1,1,1
60,170,1,1,1
131,462,0,1,1
161,115,1,1,1
11,305,1,1,1
5565,102,1,1,1
6301,102,1,1,1
193,111,1,1,1
583,126,1,1,1
78,122,1,1,1
137,354,1,1,1
1039,105,1,1,1
183,356,1,1,1
0,0,1,1,1
6301,102,1,1,1
43,417,1,1,1
1110,103,1,1,1
479,2686,1,1,1
0,0,1,1,1
115,106,1,1,1
0,0,1,1,1
124,102,1,1,1
115,105,1,1,1
21,124,1,1,1
66,102,1,1,1
19,142,1,1,1
211,117,1,1,1
703,102,1,1,1
54,105,1,1,1
149,106,1,1,1
69,159,1,1,1
18,583,1,1,1
51,272,1,1,1
28,404,1,1,1
101,437,1,1,1
3,416,1,1,1
0,0,1,1,1
0,0,1,1,1
2902,126,1,1,1
136,115,1,1,1
13,357,1,1,1
135,161,1,1,1
27,124,1,1,1
64,689,1,1,1
148,126,1,1,1
200,108,1,1,1
22,172,1,1,1
30,171,1,1,1
3157,105,1,1,1
7,164,1,1,1
129,110,1,1,1
0,0,1,1,1
1441,105,1,1,1
159,135,1,1,1
24,133,1,1,1
118,159,1,1,1
0,0,1,1,1
25,112,1,1,1
29,194,1,1,1
79,118,1,1,1
43,108,1,1,1
16,233,1,1,1
34,145,1,1,1
30,144,1,1,1
11,131,1,1,1
11,194,1,1,1
5067,104,1,1,1
18,927,1,1,1
0,0,1,1,1
15,167,1,1,1
656,107,1,1,1
150,106,1,1,1
37,118,1,1,1
259,110,1,1,1
791,107,1,1,1
0,0,1,1,1
48,255,1,1,1
198,106,1,1,1
9,140,1,1,1
75,185,1,1,1
885,106,1,1,1
184,107,1,1,1
0,0,1,1,1
4085,105,1,1,1
206,113,1,1,1
6053,106,1,1,1
342,640,1,1,1
0,0,1,1,1
615,141,1,1,1
63,109,1,1,1
678,175,1,1,1
457,106,1,1,1
457,106,1,1,1
1595,125,1,1,1
0,0,1,1,1
0,0,1,1,1
0,0,1,1,1
0,0,1,1,1
243,109,1,1,1
39,143,1,1,1
791,106,1,1,1
179,243,1,1,1
68,126,1,1,1
147,117,1,1,1
182,123,1,1,1
138,107,1,1,1
353,113,1,1,1
102,125,1,1,1
366,112,1,1,1
490,172,1,1,1
21,631,1,1,1
1115,106,1,1,1
4085,105,1,1,1
20,137,1,1,1
51,330,1,1,1
13,224,1,1,1
64,143,0,1,1
397,113,1,1,1
88,153,1,1,1
38,326,1,1,1
72,115,1,1,1
43,109,1,1,1
0,0,1,1,1
311,116,1,1,1
380,106,1,1,1
27,142,1,1,1
32,147,1,1,1
22,132,1,1,1
27,370,1,1,1
449,105,1,1,1
315,105,1,1,1
377,138,1,1,1
29,149,1,1,1
2726,104,1,1,1
64,111,1,1,1
18,789,1,1,1
13,789,1,1,1
707,105,1,1,1
204,108,1,1,1
312,640,1,1,1
705,640,1,1,1
616,107,1,1,1
63,110,1,1,1
59,151,1,1,1
307,104,1,1,1
35,130,1,1,1
25,113,1,1,1
45,148,1,1,1
178,167,1,1,1
415,112,1,1,1
22,407,1,1,1
268,122,1,1,1
11,184,1,1,1
25,116,1,1,1
35,191,1,1,1
226,886,0,1,1
34,191,1,1,1
50,3780,1,1,1
0,0,1,1,1
174,106,1,1,1
6,373,1,1,1
160,119,1,1,1
2056,105,1,1,1
7,2046,1,1,1
60,131,1,1,1
358,126,1,1,1
337,126,1,1,1
3052,105,1,1,1
181,109,1,1,1
660,110,1,1,1
127,347,1,1,1
133,189,1,1,1
150,417,1,1,1
52,325,1,1,1
97,201,1,1,1
78,252,1,1,1
319,226,1,1,1
202,141,1,1,1
502,106,1,1,1
149,106,1,1,1
50,106,1,1,1
49,106,1,1,1
715,135,1,1,1
0,0,1,1,1
45,704,1,1,1
252,106,1,1,1
0,0,1,1,1
804,291,1,1,1
267,105,1,1,1
0,0,1,1,1
87,201,1,1,1
43,901,1,1,1
138,246,1,1,1
186,291,1,1,1
6197,105,1,1,1
6197,105,1,1,1
285,153,1,1,1
34,160,1,1,1
47,166,1,1,1
166,171,1,1,1
351,114,1,1,1
1874,105,1,1,1
0,0,1,1,1
52,398,1,1,1
52,107,1,1,1
235,107,1,1,1
39,124,1,1,1
41,274,1,1,1
1212,107,1,1,1
135,111,1,1,1
89,109,1,1,1
478,112,1,1,1
161,3376,1,1,1
103,178,1,1,1
1124,106,1,1,1
143,106,1,1,1
242,106,1,1,1
138,111,1,1,1
0,0,1,1,1
527,109,1,1,1
2146,105,1,1,1
1,147,1,1,1
81,440,1,1,1
53,1299,1,1,1
69,700,1,1,1
67,263,0,1,1
221,109,1,1,1
271,115,1,1,1
98,121,1,1,1
12,3015,1,1,1
57,113,1,1,1
8,236,1,1,1
44,382,1,1,1
68,236,1,1,1
23,119,0,1,1
57,529,1,1,1
2902,107,1,1,1
2902,107,1,1,1
43,304,1,1,1
116,146,1,1,1
114,139,1,1,1
67,304,1,1,1
68,178,1,1,1
53,1167,1,1,1
57,437,1,1,1
230,116,1,1,1
35,240,1,1,1
12,198,1,1,1
3666,105,1,1,1
6,1904,0,1,0
101,1421,0,1,1
37,1421,0,1,0
34,147,1,1,1
13,2496,1,1,1
168,122,1,1,1
235,1107,1,1,1
5441,2074,1,1,1
111,287,1,1,1
130,116,0,1,1
148,112,1,1,1
20,277,1,1,1
165,122,1,1,1
19,525,1,1,1
298,133,1,1,1
79,108,1,1,1
85,105,1,1,1
66,495,0,1,1
196,138,1,1,1
0,0,1,1,1
116,106,1,1,1
1038,105,1,1,1
602,105,1,1,1
515,106,1,1,1
231,132,1,1,1
2322,106,1,1,1
18,272,1,1,1
36,110,1,1,1
25,224,1,1,1
2693,105,1,1,1
705,106,1,1,1
835,112,1,1,1
123,398,1,1,1
321,153,0,1,1
54,2079,0,1,0
181,399,1,1,1
187,640,1,1,1
52,362,1,1,1
2811,104,1,1,1
2811,104,1,1,1
251,391,1,1,1
2811,104,1,1,1
2811,104,1,1,1
2811,104,1,1,1
2811,104,1,1,1
2811,104,1,1,1
2811,104,1,1,1
2811,104,1,1,1
2811,104,1,1,1
2811,104,1,1,1
2811,104,1,1,1
52,1030,1,1,1
189,214,1,1,1
115,387,1,1,1
22,112,0,1,1
363,104,1,1,1
63,137,1,1,1
201,167,1,1,1
83,230,1,1,1
185,120,1,1,1
109,118,1,1,1
17,395,1,1,1
499,105,1,1,1
24,433,0,1,1
141,105,1,1,1
121,104,1,1,1
2126,104,1,1,1
4039,105,1,1,1
241,112,1,1,1
629,124,1,1,1
6301,104,1,1,1
50,184,1,1,1
0,0,1,1,1
229,105,1,1,1
198,138,1,1,1
14,417,1,1,1
23,1638,0,1,0
2184,104,1,1,1
0,0,1,1,1
0,0,1,1,1
273,105,1,1,1
0,0,1,1,1
0,0,1,1,1
0,0,1,1,1
41,109,1,1,1
99,181,1,1,1
133,105,1,1,1
31,234,1,1,1
2640,105,1,1,1
131,107,1,1,1
2509,106,1,1,1
4,137,1,1,1
50,138,1,1,1
140,132,1,1,1
246,198,1,1,1
113,106,1,1,1
2306,108,1,1,1
30,187,1,1,1
34,148,1,1,1
146,168,1,1,1
135,144,1,1,1
163,118,1,1,1
63,105,1,1,1
78,156,1,1,1
151,117,1,1,1
247,105,1,1,1
21,108,1,1,1
282,138,1,1,1
74,140,1,1,1
501,124,1,1,1
43,118,1,1,1
5674,104,1,1,1
564,114,1,1,1
156,105,1,1,1
115,108,1,1,1
132,126,1,1,1
24,228,1,1,1
25,477,1,1,1
289,153,1,1,1
25,477,1,1,1
39,437,1,1,1
0,0,1,1,1
63,113,1,1,1
236,205,1,1,1
331,104,1,1,1
331,104,1,1,1
104,107,1,1,1
331,104,1,1,1
25,119,1,1,1
150,151,1,1,1
97,108,1,1,1
22,117,1,1,1
331,104,1,1,1
8,117,1,1,1
45,111,1,1,1
100,107,1,1,1
104,158,1,1,1
220,124,1,1,1
265,107,1,1,1
88,107,1,1,1
184,165,1,1,1
2008,105,1,1,1
89,167,1,1,1
90,321,1,1,1
2008,105,1,1,1
133,321,1,1,1
411,105,1,1,1
103,592,1,1,1
58,140,1,1,1
111,539,1,1,1
48,546,1,1,1
195,180,1,1,1
46,970,1,1,1
53,970,1,1,1
61,113,1,1,1
394,104,1,1,1
32,291,1,1,1
20,301,1,1,1
37,114,1,1,1
122,129,1,1,1
8,937,1,1,1
9,889,1,1,1
386,105,1,1,1
19,984,1,1,1
30,299,1,1,1
29,864,1,1,1
44,486,1,1,1
13,931,1,1,1
108,105,1,1,1
42,124,1,1,1
94,105,1,1,1
40,110,1,1,1
252,105,1,1,1
15,185,1,1,1
6301,104,1,1,1
94,165,1,1,1
16,276,1,1,1
167,135,1,1,1
209,264,1,1,1
14,651,1,1,1
390,105,1,1,1
368,578,1,1,1
55,351,0,1,1
4934,104,1,1,1
58,266,1,1,1
160,166,1,1,1
317,104,1,1,1
476,105,1,1,1
1537,104,1,1,1
153,144,1,1,1
6589,104,1,1,1
311,174,1,1,1
32,3111,0,1,0
442,111,1,1,1
1102,104,1,1,1
301,106,1,1,1
1822,105,1,1,1
162,214,1,1,1
32,323,1,1,1
669,106,1,1,1
0,0,1,1,1
3206,107,1,1,1
0,0,1,1,1
119,112,1,1,1
2693,105,1,1,1
419,252,1,1,1
6442,105,1,1,1
0,0,1,1,1
0,0,1,1,1
22,850,1,1,1
0,0,1,1,1
0,0,1,1,1
0,0,1,1,1
733,136,1,1,1
0,0,1,1,1
179,110,1,1,1
216,107,1,1,1
88,159,1,1,1
68,113,1,1,1
89,228,1,1,1
14,1032,1,1,1
402,104,1,1,1
92,417,1,1,1
198,104,1,1,1
104,110,1,1,1
34,118,1,1,1
4275,104,1,1,1
2895,120,1,1,1
6339,104,1,1,1
478,152,0,1,1
5659,105,1,1,1
55,1157,1,1,1
5659,105,1,1,1
2664,107,1,1,1
5659,105,1,1,1
5659,105,1,1,1
1171,111,1,1,1
101,120,1,1,1
460,104,1,1,1
438,118,1,1,1
158,186,1,1,1
514,387,1,1,1
111,125,1,1,1
56,131,1,1,1
95,732,1,1,1
233,105,1,1,1
283,110,1,1,1
167,153,1,1,1
268,119,1,1,1
55,1553,0,1,0
125,105,1,1,1
284,132,1,1,1
113,106,1,1,1
56,124,1,1,1
130,118,1,1,1
0,0,1,1,1
107,406,0,1,1
36,640,0,1,1
23,640,0,1,1
45,639,1,1,1
30,396,1,1,1
63,1233,0,1,0
90,115,1,1,1
277,361,0,1,1
850,106,1,1,1
51,115,1,1,1
13,3765,0,1,0
1390,261,1,1,1
2723,123,1,1,1
87,807,1,1,1
85,115,1,1,1
154,107,1,1,1
58,321,1,1,1
381,105,1,1,1
109,334,1,1,1
52,289,1,1,1
70,114,1,1,1
12,110,1,1,1
322,105,1,1,1
373,105,1,1,1
78,114,0,1,1
358,104,1,1,1
52,219,1,1,1
1769,108,1,1,1
46,180,0,1,1
1912,104,1,1,1
839,107,1,1,1
5,2147,1,1,1
762,104,1,1,1
0,0,1,1,1
528,104,1,1,1
199,2928,1,1,1
380,358,1,1,1
614,121,1,1,1
407,121,1,1,1
1390,106,1,1,1
93,321,1,1,1
165,145,1,1,1
5,788,1,1,1
5,120,1,1,1
278,111,1,1,1
33,259,1,1,1
26,177,1,1,1
288,140,1,1,1
81,166,1,1,1
829,105,1,1,1
169,109,1,1,1
117,117,1,1,1
0,0,1,1,1
28,640,1,1,1
539,106,1,1,1
130,166,1,1,1
283,104,1,1,1
794,105,1,1,1
501,125,1,1,1
332,138,1,1,1
81,314,1,1,1
324,111,1,1,1
0,0,1,1,1
0,0,1,1,1
23,165,1,1,1
6339,104,1,1,1
6339,104,1,1,1
183,105,1,1,1
135,105,1,1,1
5,111,1,1,1
94,185,1,1,1
79,138,1,1,1
119,104,1,1,1
20,1089,1,1,1
740,104,1,1,1
21,2079,1,1,1
0,0,1,1,1
153,190,1,1,1
67,141,1,1,1
298,105,1,1,1
702,104,1,1,1
67,116,1,1,1
353,104,1,1,1
2008,104,1,1,1
67,881,1,1,1
18,2175,1,1,1
18,2779,1,1,1
66,106,1,1,1
0,0,1,1,1
582,189,1,1,1
280,112,1,1,1
12,741,1,1,1
10,3127,1,1,1
50,1036,1,1,1
563,111,1,1,1
330,109,1,1,1
50,271,1,1,1
76,906,1,1,1
604,108,1,1,1
443,108,1,1,1
0,0,1,1,1
261,166,1,1,1
231,214,1,1,1
90,180,1,1,1
23,873,1,1,1
77,131,1,1,1
6339,104,1,1,1
6339,104,1,1,1
50,879,1,1,1
6339,104,1,1,1
6339,104,1,1,1
106,107,1,1,1
0,0,1,1,1
549,104,1,1,1
353,191,1,1,1
15,777,1,1,1
276,106,1,1,1
78,127,1,1,1
41,777,1,1,1
150,111,1,1,1
10,236,1,1,1
156,112,1,1,1
99,132,1,1,1
36,503,1,1,1
0,0,1,1,1
63,148,1,1,1
23,1086,1,1,1
619,106,1,1,1
46,314,1,1,1
69,108,1,1,1
49,185,1,1,1
31,236,1,1,1
2008,104,1,1,1
54,109,1,1,1
221,105,1,1,1
0,0,1,1,1
164,111,1,1,1
136,317,1,1,1
198,108,1,1,1
655,106,1,1,1
77,105,1,1,1
82,168,1,1,1
34,385,1,1,1
173,120,1,1,1
303,105,1,1,1
185,198,1,1,1
94,177,1,1,1
136,168,1,1,1
0,0,1,1,1
267,129,1,1,1
6323,104,1,1,1
5097,104,1,1,1
452,104,1,1,1
116,413,0,1,1
23,148,1,1,1
86,166,1,1,1
377,104,1,1,1
509,168,1,1,1
8,446,1,1,1
0,0,1,1,1
6131,104,1,1,1
15,126,1,1,1
607,104,1,1,1
14,495,1,1,1
57,109,1,1,1
450,106,1,1,1
57,202,1,1,1
906,121,1,1,1
74,125,1,1,1
91,236,1,1,1
111,239,1,1,1
0,0,1,1,1
333,140,1,1,1
58,196,1,1,1
948,109,1,1,1
31,456,1,1,1
6384,104,1,1,1
2659,105,1,1,1
646,105,1,1,1
158,1157,1,1,1
72,233,1,1,1
549,564,1,1,1
140,104,1,1,1
64,118,1,1,1
25,159,1,1,1
224,106,1,1,1
10,760,1,1,1
192,125,0,1,1
102,108,1,1,1
2709,104,1,1,1
17,1483,1,1,1
10,639,1,1,1
157,459,1,1,1
18,640,1,1,1
13,901,1,1,1
236,109,1,1,1
86,639,1,1,1
6,1607,1,1,1
17,605,1,1,1
101,992,1,1,1
0,0,1,1,1
134,167,1,1,1
2776,104,1,1,1
6833,104,1,1,1
3832,104,1,1,1
2776,104,1,1,1
2217,104,1,1,1
273,108,1,1,1
30,160,1,1,1
2101,858,1,1,1
3592,104,1,1,1
6339,104,1,1,1
6339,104,1,1,1
1540,104,1,1,1
334,104,1,1,1
139,207,1,1,1
62,165,1,1,1
311,126,1,1,1
63,120,0,1,1
343,105,1,1,1
1638,107,1,1,1
6301,104,1,1,1
554,104,1,1,1
554,104,1,1,1
36,364,1,1,1
779,104,1,1,1
166,162,1,1,1
125,120,1,1,1
1986,105,1,1,1
599,105,1,1,1
2,282,1,1,1
183,595,1,1,1
49,389,1,1,1
34,209,1,1,1
36,124,1,1,1
8,401,1,1,1
0,0,1,1,1
91,167,1,1,1
214,129,1,1,1
2321,104,1,1,1
82,104,1,1,1
492,104,1,1,1
1993,104,1,1,1
34,104,1,1,1
598,104,1,1,1
49,131,1,1,1
6302,104,1,1,1
2726,104,1,1,1
20,181,0,1,1
124,107,1,1,1
302,106,1,1,1
35,141,1,1,1
29,118,1,1,1
335,104,1,1,1
6046,104,1,1,1
47,111,1,1,1
32,405,1,1,1
1,3394,1,1,1
32,206,1,1,1
29,209,1,1,1
121,104,1,1,1
31,120,1,1,1
13,272,1,1,1
33,173,1,1,1
124,141,1,1,1
55,1632,1,1,1
121,1391,1,1,1
923,104,1,1,1
506,112,1,1,1
99,136,1,1,1
3078,104,1,1,1
2877,104,1,1,1
437,104,1,1,1
933,104,1,1,1
721,104,1,1,1
275,384,1,1,1
332,104,1,1,1
1608,104,1,1,1
922,104,1,1,1
1499,104,1,1,1
41,272,1,1,1
21,604,1,1,1
709,106,1,1,1
0,0,1,1,1
0,0,1,1,1
0,0,1,1,1
530,104,1,1,1
0,0,1,1,1
0,0,1,1,1
0,0,1,1,1
0,0,1,1,1
0,0,1,1,1
0,0,1,1,1
582,107,1,1,1
0,0,1,1,1
0,0,1,1,1
0,0,1,1,1
75,168,1,1,1
0,0,1,1,1
0,0,1,1,1
0,0,1,1,1
0,0,1,1,1
22,864,1,1,1
0,0,1,1,1
183,106,1,1,1
28,147,1,1,1
27,187,0,1,1
1496,105,1,1,1
110,107,1,1,1
1206,104,1,1,1
336,141,1,1,1
359,176,1,1,1
86,315,1,1,1
101,109,1,1,1
17,167,1,1,1
63,1053,1,1,1
57,640,1,1,1
16,417,1,1,1
125,133,1,1,1
120,105,1,1,1
1732,117,1,1,1
11,285,1,1,1
90,119,1,1,1
193,202,1,1,1
53,158,1,1,1
160,109,1,1,1
32,118,1,1,1
263,119,1,1,1
61,1089,0,1,0
174,114,1,1,1
5067,104,1,1,1
286,120,1,1,1
3661,104,1,1,1
1132,107,1,1,1
790,104,1,1,1
180,131,1,1,1
53,342,1,1,1
659,114,1,1,1
29,489,1,1,1
14,984,0,1,0
286,113,1,1,1
81,134,1,1,1
5067,104,1,1,1
42,118,1,1,1
520,123,1,1,1
5,2841,1,1,1
116,251,1,1,1
17,2774,1,1,1
117,248,1,1,1
166,122,1,1,1
272,122,1,1,1
684,104,1,1,1
3304,104,1,1,1
3831,104,1,1,1
241,165,1,1,1
19,1215,0,1,0
115,201,1,1,1
66,202,1,1,1
162,109,1,1,1
324,121,1,1,1
29,640,1,1,1
18,434,1,1,1
27,1265,1,1,1
41,116,1,1,1
47,135,1,1,1
391,110,1,1,1
68,114,1,1,1
222,104,1,1,1
830,108,1,1,1
105,237,1,1,1
97,145,1,1,1
0,0,1,1,1
0,0,1,1,1
35,658,1,1,1
208,124,1,1,1
1302,105,1,1,1
408,145,1,1,1
0,0,1,1,1
6037,108,1,1,1
4153,104,1,1,1
231,107,1,1,1
8,276,1,1,1
1126,104,1,1,1
69,104,1,1,1
0,0,1,1,1
584,104,1,1,1
1585,105,1,1,1
416,104,1,1,1
377,106,1,1,1
2173,107,1,1,1
0,0,1,1,1
181,104,1,1,1
709,104,1,1,1
607,104,1,1,1
616,104,1,1,1
640,108,1,1,1
489,104,1,1,1
5,1782,0,1,0
660,104,1,1,1
363,106,1,1,1
45,141,1,1,1
1512,104,1,1,1
5798,107,1,1,1
37,756,1,1,1
253,127,1,1,1
268,111,1,1,1
275,104,1,1,1
6301,104,1,1,1
621,109,1,1,1
217,132,1,1,1
300,104,1,1,1
323,167,1,1,1
16,108,1,1,1
36,152,1,1,1
62,107,1,1,1
377,104,1,1,1
44,153,1,1,1
25,364,1,1,1
169,105,1,1,1
1396,104,1,1,1
0,0,1,1,1
1386,118,1,1,1
4,109,1,1,1
6339,104,1,1,1
6339,104,1,1,1
1179,106,1,1,1
5659,104,1,1,1
0,0,1,1,1
1093,107,1,1,1
0,0,1,1,1
3831,104,1,1,1
0,0,1,1,1
40,104,1,1,1
45,572,1,1,1
276,117,1,1,1
1052,107,1,1,1
15,567,1,1,1
960,104,1,1,1
1049,946,1,1,1
1706,104,1,1,1
6196,104,1,1,1
34,113,1,1,1
39,131,1,1,1
0,0,1,1,1
1293,109,1,1,1
11,407,1,1,1
3638,107,1,1,1
438,181,1,1,1
11,672,0,1,1
11,440,1,1,1
19,3079,1,1,1
1274,115,1,1,1
2021,105,1,1,1
544,113,1,1,1
920,105,1,1,1
85,104,1,1,1
119,112,1,1,1
5659,104,1,1,1
370,151,1,1,1
129,110,1,1,1
125,313,1,1,1
44,116,1,1,1
53,161,1,1,1
61,163,1,1,1
2227,105,1,1,1
79,196,1,1,1
58,166,1,1,1
862,111,1,1,1
65,106,1,1,1
113,143,1,1,1
361,121,1,1,1
26,142,1,1,1
166,104,1,1,1
6814,104,1,1,1
153,105,1,1,1
24,189,1,1,1
3604,107,1,1,1
49,185,1,1,1
111,222,1,1,1
6339,104,1,1,1
58,400,1,1,1
315,104,1,1,1
61,105,1,1,1
49,104,1,1,1
255,104,1,1,1
1808,104,1,1,1
959,104,1,1,1
30,349,1,1,1
677,201,1,1,1
47,116,1,1,1
6306,104,1,1,1
123,1242,1,1,1
285,276,1,1,1
21,177,1,1,1
12,206,1,1,1
553,105,1,1,1
943,108,1,1,1
2848,105,1,1,1
207,118,1,1,1
6197,107,1,1,1
80,111,1,1,1
7,2836,1,1,1
187,622,1,1,1
6306,104,1,1,1
6306,104,1,1,1
0,0,1,1,1
0,0,1,1,1
0,0,1,1,1
202,739,1,1,1
0,0,1,1,1
0,0,1,1,1
1097,110,1,1,1
0,0,1,1,1
0,0,1,1,1
0,0,1,1,1
0,0,1,1,1
24,847,1,1,1
1692,104,1,1,1
2062,106,1,1,1
77,204,1,1,1
66,117,1,1,1
69,138,1,1,1
97,154,1,1,1
27,336,1,1,1
55,162,1,1,1
6306,104,1,1,1
576,104,1,1,1
445,104,1,1,1
6301,104,1,1,1
102,289,1,1,1
304,366,1,1,1
61,110,1,1,1
298,148,1,1,1
541,106,1,1,1
54,112,1,1,1
434,109,1,1,1
170,148,1,1,1
411,111,1,1,1
238,119,1,1,1
635,109,1,1,1
2004,104,1,1,1
655,104,1,1,1
167,111,1,1,1
851,105,1,1,1
76,276,1,1,1
5659,104,1,1,1
119,111,1,1,1
5659,104,1,1,1
5659,104,1,1,1
5659,104,1,1,1
441,107,1,1,1
0,0,1,1,1
8,175,1,1,1
0,0,1,1,1
101,158,1,1,1
155,118,1,1,1
1463,104,1,1,1
43,128,1,1,1
1945,107,1,1,1
101,474,1,1,1
862,106,1,1,1
36,181,1,1,1
356,109,1,1,1
2836,105,1,1,1
1965,105,1,1,1
6121,104,1,1,1
1045,105,1,1,1
1215,106,1,1,1
19,130,1,1,1
552,105,1,1,1
21,112,1,1,1
32,1189,1,1,1
37,212,1,1,1
17,162,1,1,1
550,104,1,1,1
1052,105,1,1,1
1372,104,1,1,1
175,208,1,1,1
1955,104,1,1,1
76,104,1,1,1
2401,104,1,1,1
30,115,1,1,1
17,594,1,1,1
157,104,1,1,1
2250,104,1,1,1
289,104,1,1,1
76,111,1,1,1
6534,104,1,1,1
1309,104,1,1,1
263,170,1,1,1
437,104,1,1,1
218,1063,1,1,1
136,107,1,1,1
1965,105,1,1,1
6097,104,1,1,1
5827,104,1,1,1
0,0,1,1,1
181,166,1,1,1
0,0,1,1,1
0,0,1,1,1
206,446,1,1,1
1420,104,1,1,1
1603,107,1,1,1
6192,104,1,1,1
438,107,1,1,1
80,110,1,1,1
0,0,1,1,1
236,108,1,1,1
23,166,1,1,1
236,108,1,1,1
373,106,1,1,1
3832,104,1,1,1
77,109,1,1,1
605,104,1,1,1
140,112,1,1,1
2784,107,1,1,1
299,145,1,1,1
98,107,1,1,1
758,105,1,1,1
89,307,1,1,1
77,134,1,1,1
30,297,1,1,1
123,119,1,1,1
43,122,1,1,1
120,398,1,1,1
319,128,1,1,1
21,112,1,1,1
87,228,1,1,1
351,109,1,1,1
25,142,1,1,1
5843,104,1,1,1
604,106,1,1,1
6378,106,1,1,1
238,108,1,1,1
17,210,1,1,1
32,105,1,1,1
94,107,1,1,1
65,248,0,1,1
158,108,1,1,1
3,899,0,1,0
11,640,0,1,1
47,174,1,1,1
2,640,0,1,1
70,330,0,1,1
32,640,0,1,1
33,640,0,1,1
468,106,1,1,1
1,1845,0,1,0
41,640,1,1,1
38,640,1,1,1
1465,107,1,1,1
55,640,1,1,1
219,142,1,1,1
30,640,1,1,1
35,640,1,1,1
82,640,1,1,1
77,640,1,1,1
72,640,0,1,1
49,640,1,1,1
540,640,1,1,1
464,640,0,1,1
62,640,1,1,1
29,114,1,1,1
6,640,0,1,1
248,640,1,1,1
391,110,1,1,1
106,640,1,1,1
312,131,1,1,1
471,153,1,1,1
17,640,1,1,1
1592,114,1,1,1
1780,105,1,1,1
203,131,1,1,1
2291,108,1,1,1
17,1125,1,1,1
25,443,1,1,1
1088,112,1,1,1
6339,104,1,1,1
6339,104,1,1,1
6339,104,1,1,1
6339,104,1,1,1
11,118,1,1,1
283,164,1,1,1
129,116,1,1,1
258,423,1,1,1
386,104,1,1,1
25,1169,1,1,1
262,105,1,1,1
15,682,1,1,1
54,124,1,1,1
68,192,1,1,1
767,105,1,1,1
709,106,1,1,1
21,1664,0,1,0
2726,104,1,1,1
1531,117,1,1,1
171,224,1,1,1
20,640,0,1,1
72,171,1,1,1
6306,104,1,1,1
353,154,1,1,1
0,0,1,1,1
5067,104,1,1,1
324,374,1,1,1
331,107,1,1,1
246,119,1,1,1
115,111,1,1,1
1173,137,1,1,1
185,252,1,1,1
6306,104,1,1,1
45,167,1,1,1
137,109,1,1,1
0,0,1,1,1
625,104,1,1,1
6339,104,1,1,1
0,0,1,1,1
27,914,1,1,1
1600,107,1,1,1
89,117,1,1,1
34,640,0,1,1
758,105,1,1,1
82,118,1,1,1
221,106,1,1,1
64,123,1,1,1
749,166,1,1,1
54,214,1,1,1
220,166,1,1,1
8,1456,0,1,0
253,3275,1,1,1
1059,187,1,1,1
243,354,1,1,1
49,303,1,1,1
113,114,1,1,1
2113,104,1,1,1
602,106,1,1,1
6339,104,1,1,1
6339,104,1,1,1
6339,104,1,1,1
6339,104,1,1,1
0,0,0,1,0
6301,104,1,1,1
29,186,1,1,1
151,228,1,1,1
290,1057,1,1,1
60,1028,1,1,1
3,3416,1,1,1
24,140,1,1,1
46,833,1,1,1
88,211,1,1,1
623,1382,0,1,1
572,107,1,1,1
14,335,1,1,1
66,833,1,1,1
3,1590,1,1,1
9,2842,1,1,1
33,113,1,1,1
179,107,1,1,1
18,406,1,1,1
44,119,1,1,1
21,165,1,1,1
0,0,1,1,1
23,105,1,1,1
112,204,1,1,1
181,115,1,1,1
1201,104,1,1,1
12,180,1,1,1
24,167,1,1,1
0,0,1,1,1
7,599,1,1,1
201,104,0,1,1
42,989,1,1,1
13,1808,1,1,1
77,405,1,1,1
2,3004,1,1,1
95,230,1,1,1
198,120,1,1,1
42,436,1,1,1
22,1818,0,1,0
24,1231,1,1,1
4359,104,1,1,1
53,133,1,1,1
147,105,1,1,1
993,104,1,1,1
433,110,1,1,1
3664,108,1,1,1
0,0,0,0,0
